{"epoch": 297, "time_epoch": 10.15365, "time_epoch_std": 0.0, "eta": 22.72261, "eta_std": 0.0, "eta_hours": 0.00631, "eta_hours_std": 0.0, "loss": 141.34654, "loss_std": 0.0, "lr": 0.0, "lr_std": 0.0, "params": 253716.0, "params_std": 0.0, "time_iter": 0.09858, "time_iter_std": 0.0, "mae": 141.34155, "mae_std": 0.0, "r2": 0.32155, "r2_std": 0.0, "spearmanr": 0.73085, "spearmanr_std": 0.0, "mse": 605434.9375, "mse_std": 0.0, "rmse": 401.53665, "rmse_std": 0.0}
