{"epoch": 91, "time_epoch": 15.87547, "time_epoch_std": 1.76142, "eta": 3085.39458, "eta_std": 344.57047, "eta_hours": 0.85705, "eta_hours_std": 0.09571, "loss": 0.0314, "loss_std": 0.00579, "lr": 0.00017, "lr_std": 6e-05, "params": 201802.0, "params_std": 0.0, "time_iter": 0.18677, "time_iter_std": 0.02073, "accuracy": 0.9921, "accuracy_std": 0.00194, "ap": 0.97179, "ap_std": 0.01419, "auc": 0.99737, "auc_std": 0.00176}
