{"epoch": 275, "time_epoch": 62.49136, "time_epoch_std": 0.0, "eta": 1981.96891, "eta_std": 0.0, "eta_hours": 0.55055, "eta_hours_std": 0.0, "loss": 141.99413, "loss_std": 0.0, "lr": 0.00017, "lr_std": 0.0, "params": 495620.0, "params_std": 0.0, "time_iter": 0.60671, "time_iter_std": 0.0, "mae": 141.99022, "mae_std": 0.0, "r2": 0.2817, "r2_std": 0.0, "spearmanr": 0.68841, "spearmanr_std": 0.0, "mse": 606212.4375, "mse_std": 0.0, "rmse": 402.56357, "rmse_std": 0.0}
