{"epoch": 119, "time_epoch": 26.63444, "time_epoch_std": 1.38544, "eta": 6029.22795, "eta_std": 1076.34765, "eta_hours": 1.67479, "eta_hours_std": 0.29899, "loss": 0.02509, "loss_std": 0.00788, "lr": 0.00029, "lr_std": 0.00016, "params": 396106.0, "params_std": 0.0, "time_iter": 0.31335, "time_iter_std": 0.0163, "accuracy": 0.99352, "accuracy_std": 0.0026, "ap": 0.98116, "ap_std": 0.01445, "auc": 0.99857, "auc_std": 0.00136}
