{"epoch": 290, "time_epoch": 20.07625, "time_epoch_std": 0.0, "eta": 178.57285, "eta_std": 0.0, "eta_hours": 0.0496, "eta_hours_std": 0.0, "loss": 140.95656, "loss_std": 0.0, "lr": 3e-05, "lr_std": 0.0, "params": 827860.0, "params_std": 0.0, "time_iter": 0.19492, "time_iter_std": 0.0, "mae": 140.95045, "mae_std": 0.0, "r2": 0.33299, "r2_std": 0.0, "spearmanr": 0.73995, "spearmanr_std": 0.0, "mse": 605109.8125, "mse_std": 0.0, "rmse": 401.41202, "rmse_std": 0.0}
