{"epoch": 295, "time_epoch": 22.66321, "time_epoch_std": 0.0, "eta": 92.52194, "eta_std": 0.0, "eta_hours": 0.0257, "eta_hours_std": 0.0, "loss": 139.87181, "loss_std": 0.0, "lr": 1e-05, "lr_std": 0.0, "params": 727420.0, "params_std": 0.0, "time_iter": 0.22003, "time_iter_std": 0.0, "mae": 139.86234, "mae_std": 0.0, "r2": 0.32719, "r2_std": 0.0, "spearmanr": 0.73495, "spearmanr_std": 0.0, "mse": 603864.875, "mse_std": 0.0, "rmse": 400.80273, "rmse_std": 0.0}
