{"epoch": 290, "time_epoch": 36.02559, "time_epoch_std": 0.0, "eta": 327.06912, "eta_std": 0.0, "eta_hours": 0.09085, "eta_hours_std": 0.0, "loss": 145.3612, "loss_std": 0.0, "lr": 3e-05, "lr_std": 0.0, "params": 466895.0, "params_std": 0.0, "time_iter": 0.04404, "time_iter_std": 0.0, "mae": 145.36008, "mae_std": 0.0, "r2": 0.29259, "r2_std": 0.0, "spearmanr": 0.68857, "spearmanr_std": 0.0, "mse": 607736.3125, "mse_std": 0.0, "rmse": 403.70355, "rmse_std": 0.0}
