{"epoch": 221, "time_epoch": 37.56249, "time_epoch_std": 0.0, "eta": 2936.69473, "eta_std": 0.0, "eta_hours": 0.81575, "eta_hours_std": 0.0, "loss": 147.30561, "loss_std": 0.0, "lr": 0.00162, "lr_std": 0.0, "params": 2017556.0, "params_std": 0.0, "time_iter": 0.36468, "time_iter_std": 0.0, "mae": 147.30214, "mae_std": 0.0, "r2": 0.23211, "r2_std": 0.0, "spearmanr": 0.60784, "spearmanr_std": 0.0, "mse": 609310.0625, "mse_std": 0.0, "rmse": 407.17761, "rmse_std": 0.0}
