{"epoch": 183, "time_epoch": 49.81019, "time_epoch_std": 0.0, "eta": 5782.96092, "eta_std": 0.0, "eta_hours": 1.60638, "eta_hours_std": 0.0, "loss": 149.31281, "loss_std": 0.0, "lr": 0.00331, "lr_std": 0.0, "params": 648340.0, "params_std": 0.0, "time_iter": 0.48359, "time_iter_std": 0.0, "mae": 149.3098, "mae_std": 0.0, "r2": 0.22889, "r2_std": 0.0, "spearmanr": 0.59311, "spearmanr_std": 0.0, "mse": 609739.8125, "mse_std": 0.0, "rmse": 407.38284, "rmse_std": 0.0}
