{"epoch": 247, "time_epoch": 63.42653, "time_epoch_std": 0.0, "eta": 3320.77821, "eta_std": 0.0, "eta_hours": 0.92244, "eta_hours_std": 0.0, "loss": 142.63934, "loss_std": 0.0, "lr": 0.00075, "lr_std": 0.0, "params": 977812.0, "params_std": 0.0, "time_iter": 0.61579, "time_iter_std": 0.0, "mae": 142.63521, "mae_std": 0.0, "r2": 0.29118, "r2_std": 0.0, "spearmanr": 0.69756, "spearmanr_std": 0.0, "mse": 606265.6875, "mse_std": 0.0, "rmse": 402.25821, "rmse_std": 0.0}
