{"epoch": 288, "time_epoch": 410.59403, "time_epoch_std": 0.0, "eta": 3967.74342, "eta_std": 0.0, "eta_hours": 1.10215, "eta_hours_std": 0.0, "loss": 143.81776, "loss_std": 0.0, "lr": 4e-05, "lr_std": 0.0, "params": 481435.0, "params_std": 0.0, "time_iter": 0.50195, "time_iter_std": 0.0, "mae": 143.80879, "mae_std": 0.0, "r2": 0.29314, "r2_std": 0.0, "spearmanr": 0.69934, "spearmanr_std": 0.0, "mse": 608576.5, "mse_std": 0.0, "rmse": 403.31543, "rmse_std": 0.0}
