{"epoch": 286, "time_epoch": 42.78091, "time_epoch_std": 0.0, "eta": 551.05907, "eta_std": 0.0, "eta_hours": 0.15307, "eta_hours_std": 0.0, "loss": 138.82911, "loss_std": 0.0, "lr": 5e-05, "lr_std": 0.0, "params": 2550036.0, "params_std": 0.0, "time_iter": 0.41535, "time_iter_std": 0.0, "mae": 138.80997, "mae_std": 0.0, "r2": 0.31709, "r2_std": 0.0, "spearmanr": 0.72122, "spearmanr_std": 0.0, "mse": 602148.0, "mse_std": 0.0, "rmse": 400.1369, "rmse_std": 0.0}
