{"epoch": 296, "time_epoch": 27.49404, "time_epoch_std": 0.0, "eta": 82.92103, "eta_std": 0.0, "eta_hours": 0.02303, "eta_hours_std": 0.0, "loss": 139.46873, "loss_std": 0.0, "lr": 0.0, "lr_std": 0.0, "params": 727450.0, "params_std": 0.0, "time_iter": 0.26693, "time_iter_std": 0.0, "mae": 139.45691, "mae_std": 0.0, "r2": 0.31876, "r2_std": 0.0, "spearmanr": 0.72635, "spearmanr_std": 0.0, "mse": 603503.5, "mse_std": 0.0, "rmse": 400.65063, "rmse_std": 0.0}
