{"epoch": 297, "time_epoch": 21.15059, "time_epoch_std": 0.0, "eta": 42.90652, "eta_std": 0.0, "eta_hours": 0.01192, "eta_hours_std": 0.0, "loss": 139.19271, "loss_std": 0.0, "lr": 0.0, "lr_std": 0.0, "params": 819476.0, "params_std": 0.0, "time_iter": 0.20535, "time_iter_std": 0.0, "mae": 139.18112, "mae_std": 0.0, "r2": 0.30179, "r2_std": 0.0, "spearmanr": 0.70941, "spearmanr_std": 0.0, "mse": 602313.8125, "mse_std": 0.0, "rmse": 400.30087, "rmse_std": 0.0}
