{"epoch": 296, "time_epoch": 75.10686, "time_epoch_std": 0.0, "eta": 237.28282, "eta_std": 0.0, "eta_hours": 0.06591, "eta_hours_std": 0.0, "loss": 140.27133, "loss_std": 0.0, "lr": 0.0, "lr_std": 0.0, "params": 484660.0, "params_std": 0.0, "time_iter": 0.09182, "time_iter_std": 0.0, "mae": 140.26021, "mae_std": 0.0, "r2": 0.31165, "r2_std": 0.0, "spearmanr": 0.71738, "spearmanr_std": 0.0, "mse": 604408.4375, "mse_std": 0.0, "rmse": 401.23495, "rmse_std": 0.0}
