{"epoch": 293, "time_epoch": 203.18611, "time_epoch_std": 0.0, "eta": 1234.37316, "eta_std": 0.0, "eta_hours": 0.34288, "eta_hours_std": 0.0, "loss": 140.78838, "loss_std": 0.0, "lr": 1e-05, "lr_std": 0.0, "params": 452060.0, "params_std": 0.0, "time_iter": 0.24839, "time_iter_std": 0.0, "mae": 140.77762, "mae_std": 0.0, "r2": 0.29466, "r2_std": 0.0, "spearmanr": 0.70132, "spearmanr_std": 0.0, "mse": 605584.25, "mse_std": 0.0, "rmse": 401.75272, "rmse_std": 0.0}
