{"epoch": 285, "time_epoch": 41.08056, "time_epoch_std": 0.0, "eta": 577.24244, "eta_std": 0.0, "eta_hours": 0.16035, "eta_hours_std": 0.0, "loss": 145.32045, "loss_std": 0.0, "lr": 6e-05, "lr_std": 0.0, "params": 450820.0, "params_std": 0.0, "time_iter": 0.05022, "time_iter_std": 0.0, "mae": 145.31783, "mae_std": 0.0, "r2": 0.2941, "r2_std": 0.0, "spearmanr": 0.68524, "spearmanr_std": 0.0, "mse": 608032.9375, "mse_std": 0.0, "rmse": 404.00546, "rmse_std": 0.0}
