{"epoch": 287, "time_epoch": 378.33854, "time_epoch_std": 0.0, "eta": 5801.52116, "eta_std": 0.0, "eta_hours": 1.61153, "eta_hours_std": 0.0, "loss": 140.42115, "loss_std": 0.0, "lr": 5e-05, "lr_std": 0.0, "params": 477335.0, "params_std": 0.0, "time_iter": 0.46252, "time_iter_std": 0.0, "mae": 140.41185, "mae_std": 0.0, "r2": 0.29568, "r2_std": 0.0, "spearmanr": 0.7014, "spearmanr_std": 0.0, "mse": 604504.4375, "mse_std": 0.0, "rmse": 401.32724, "rmse_std": 0.0}
