{"epoch": 0, "time_epoch": 10.25734, "eta": 0.0, "eta_hours": 0.0, "loss": 0.69706855, "lr": 0.001, "params": 3226, "time_iter": 0.23854, "accuracy": 0.46493, "ap": 0.16781, "auc": 0.48923}
