{"epoch": 265, "time_epoch": 82.78806, "time_epoch_std": 0.0, "eta": 2823.94678, "eta_std": 0.0, "eta_hours": 0.78443, "eta_hours_std": 0.0, "loss": 144.0136, "loss_std": 0.0, "lr": 0.00033, "lr_std": 0.0, "params": 464980.0, "params_std": 0.0, "time_iter": 0.80377, "time_iter_std": 0.0, "mae": 144.00916, "mae_std": 0.0, "r2": 0.25715, "r2_std": 0.0, "spearmanr": 0.66493, "spearmanr_std": 0.0, "mse": 607672.9375, "mse_std": 0.0, "rmse": 404.46524, "rmse_std": 0.0}
