{"epoch": 293, "time_epoch": 22.67398, "time_epoch_std": 0.0, "eta": 139.22148, "eta_std": 0.0, "eta_hours": 0.03867, "eta_hours_std": 0.0, "loss": 139.43108, "loss_std": 0.0, "lr": 1e-05, "lr_std": 0.0, "params": 727420.0, "params_std": 0.0, "time_iter": 0.22014, "time_iter_std": 0.0, "mae": 139.41846, "mae_std": 0.0, "r2": 0.31067, "r2_std": 0.0, "spearmanr": 0.71604, "spearmanr_std": 0.0, "mse": 603335.875, "mse_std": 0.0, "rmse": 400.65567, "rmse_std": 0.0}
