{"epoch": 286, "time_epoch": 57.04529, "time_epoch_std": 0.0, "eta": 738.05994, "eta_std": 0.0, "eta_hours": 0.20502, "eta_hours_std": 0.0, "loss": 147.49163, "loss_std": 0.0, "lr": 5e-05, "lr_std": 0.0, "params": 467345.0, "params_std": 0.0, "time_iter": 0.06974, "time_iter_std": 0.0, "mae": 147.49002, "mae_std": 0.0, "r2": 0.27184, "r2_std": 0.0, "spearmanr": 0.65556, "spearmanr_std": 0.0, "mse": 608683.0625, "mse_std": 0.0, "rmse": 405.2767, "rmse_std": 0.0}
