{"epoch": 284, "time_epoch": 1200.01167, "time_epoch_std": 0.0, "eta": 18146.48818, "eta_std": 0.0, "eta_hours": 5.04069, "eta_hours_std": 0.0, "loss": 144.10041, "loss_std": 0.0, "lr": 7e-05, "lr_std": 0.0, "params": 481435.0, "params_std": 0.0, "time_iter": 1.46701, "time_iter_std": 0.0, "mae": 144.09576, "mae_std": 0.0, "r2": 0.29251, "r2_std": 0.0, "spearmanr": 0.69599, "spearmanr_std": 0.0, "mse": 607964.25, "mse_std": 0.0, "rmse": 403.10751, "rmse_std": 0.0}
