{"epoch": 284, "time_epoch": 158.22518, "time_epoch_std": 0.0, "eta": 2375.92212, "eta_std": 0.0, "eta_hours": 0.65998, "eta_hours_std": 0.0, "loss": 141.86429, "loss_std": 0.0, "lr": 7e-05, "lr_std": 0.0, "params": 490810.0, "params_std": 0.0, "time_iter": 0.19343, "time_iter_std": 0.0, "mae": 141.85699, "mae_std": 0.0, "r2": 0.29021, "r2_std": 0.0, "spearmanr": 0.69801, "spearmanr_std": 0.0, "mse": 606224.25, "mse_std": 0.0, "rmse": 402.15506, "rmse_std": 0.0}
