{"epoch": 271, "time_epoch": 49.09831, "time_epoch_std": 0.0, "eta": 1404.20208, "eta_std": 0.0, "eta_hours": 0.39006, "eta_hours_std": 0.0, "loss": 139.04009, "loss_std": 0.0, "lr": 0.00023, "lr_std": 0.0, "params": 1167892.0, "params_std": 0.0, "time_iter": 0.47668, "time_iter_std": 0.0, "mae": 139.02379, "mae_std": 0.0, "r2": 0.3147, "r2_std": 0.0, "spearmanr": 0.71619, "spearmanr_std": 0.0, "mse": 602704.125, "mse_std": 0.0, "rmse": 400.34595, "rmse_std": 0.0}
