{"epoch": 287, "time_epoch": 26.46739, "time_epoch_std": 0.0, "eta": 315.49178, "eta_std": 0.0, "eta_hours": 0.08764, "eta_hours_std": 0.0, "loss": 140.13168, "loss_std": 0.0, "lr": 5e-05, "lr_std": 0.0, "params": 386452.0, "params_std": 0.0, "time_iter": 0.25696, "time_iter_std": 0.0, "mae": 140.12228, "mae_std": 0.0, "r2": 0.31793, "r2_std": 0.0, "spearmanr": 0.72361, "spearmanr_std": 0.0, "mse": 604456.875, "mse_std": 0.0, "rmse": 401.14789, "rmse_std": 0.0}
