{"epoch": 295, "time_epoch": 124.40515, "time_epoch_std": 0.0, "eta": 509.14613, "eta_std": 0.0, "eta_hours": 0.14143, "eta_hours_std": 0.0, "loss": 141.5418, "loss_std": 0.0, "lr": 1e-05, "lr_std": 0.0, "params": 454595.0, "params_std": 0.0, "time_iter": 0.15208, "time_iter_std": 0.0, "mae": 141.53169, "mae_std": 0.0, "r2": 0.29407, "r2_std": 0.0, "spearmanr": 0.70215, "spearmanr_std": 0.0, "mse": 605261.1875, "mse_std": 0.0, "rmse": 401.74881, "rmse_std": 0.0}
