{"epoch": 292, "time_epoch": 72.65115, "time_epoch_std": 0.0, "eta": 500.28027, "eta_std": 0.0, "eta_hours": 0.13897, "eta_hours_std": 0.0, "loss": 139.58715, "loss_std": 0.0, "lr": 2e-05, "lr_std": 0.0, "params": 466715.0, "params_std": 0.0, "time_iter": 0.08882, "time_iter_std": 0.0, "mae": 139.57175, "mae_std": 0.0, "r2": 0.31462, "r2_std": 0.0, "spearmanr": 0.72164, "spearmanr_std": 0.0, "mse": 603141.6875, "mse_std": 0.0, "rmse": 400.74493, "rmse_std": 0.0}
