{"epoch": 215, "time_epoch": 142.81427, "time_epoch_std": 0.0, "eta": 13892.1284, "eta_std": 0.0, "eta_hours": 3.85892, "eta_hours_std": 0.0, "loss": 142.26488, "loss_std": 0.0, "lr": 0.00185, "lr_std": 0.0, "params": 344212.0, "params_std": 0.0, "time_iter": 0.17459, "time_iter_std": 0.0, "mae": 142.25941, "mae_std": 0.0, "r2": 0.28845, "r2_std": 0.0, "spearmanr": 0.68835, "spearmanr_std": 0.0, "mse": 606438.8125, "mse_std": 0.0, "rmse": 402.29297, "rmse_std": 0.0}
