{"epoch": 61, "time_epoch": 19.94379, "time_epoch_std": 0.99632, "eta": 4865.23984, "eta_std": 278.96282, "eta_hours": 1.35146, "eta_hours_std": 0.07749, "loss": 0.04178, "loss_std": 0.01426, "lr": 0.00038, "lr_std": 0.00018, "params": 290506.0, "params_std": 0.0, "time_iter": 0.23463, "time_iter_std": 0.01172, "accuracy": 0.98826, "accuracy_std": 0.00486, "ap": 0.95398, "ap_std": 0.02588, "auc": 0.99449, "auc_std": 0.00354}
