{"epoch": 279, "time_epoch": 18.55831, "time_epoch_std": 0.0, "eta": 383.58908, "eta_std": 0.0, "eta_hours": 0.10655, "eta_hours_std": 0.0, "loss": 139.88634, "loss_std": 0.0, "lr": 0.00012, "lr_std": 0.0, "params": 827860.0, "params_std": 0.0, "time_iter": 0.18018, "time_iter_std": 0.0, "mae": 139.87154, "mae_std": 0.0, "r2": 0.31562, "r2_std": 0.0, "spearmanr": 0.72007, "spearmanr_std": 0.0, "mse": 604256.5, "mse_std": 0.0, "rmse": 400.97842, "rmse_std": 0.0}
