{"epoch": 152, "time_epoch": 43.29122, "time_epoch_std": 0.0, "eta": 6405.86035, "eta_std": 0.0, "eta_hours": 1.77941, "eta_hours_std": 0.0, "loss": 147.92463, "loss_std": 0.0, "lr": 0.0049, "lr_std": 0.0, "params": 2816276.0, "params_std": 0.0, "time_iter": 0.4203, "time_iter_std": 0.0, "mae": 147.92374, "mae_std": 0.0, "r2": 0.24119, "r2_std": 0.0, "spearmanr": 0.63826, "spearmanr_std": 0.0, "mse": 608444.3125, "mse_std": 0.0, "rmse": 405.8165, "rmse_std": 0.0}
