{"epoch": 266, "time_epoch": 56.33739, "time_epoch_std": 0.0, "eta": 1858.83399, "eta_std": 0.0, "eta_hours": 0.51634, "eta_hours_std": 0.0, "loss": 140.79333, "loss_std": 0.0, "lr": 0.00031, "lr_std": 0.0, "params": 804628.0, "params_std": 0.0, "time_iter": 0.54696, "time_iter_std": 0.0, "mae": 140.78542, "mae_std": 0.0, "r2": 0.29499, "r2_std": 0.0, "spearmanr": 0.70289, "spearmanr_std": 0.0, "mse": 605167.9375, "mse_std": 0.0, "rmse": 401.48917, "rmse_std": 0.0}
