{"epoch": 294, "time_epoch": 49.11665, "time_epoch_std": 0.0, "eta": 240.82702, "eta_std": 0.0, "eta_hours": 0.0669, "eta_hours_std": 0.0, "loss": 149.05065, "loss_std": 0.0, "lr": 1e-05, "lr_std": 0.0, "params": 470245.0, "params_std": 0.0, "time_iter": 0.06004, "time_iter_std": 0.0, "mae": 149.04959, "mae_std": 0.0, "r2": 0.27856, "r2_std": 0.0, "spearmanr": 0.66113, "spearmanr_std": 0.0, "mse": 610018.5, "mse_std": 0.0, "rmse": 405.7225, "rmse_std": 0.0}
