{"epoch": 296, "time_epoch": 14.55826, "time_epoch_std": 0.0, "eta": 40.24159, "eta_std": 0.0, "eta_hours": 0.01118, "eta_hours_std": 0.0, "loss": 143.13193, "loss_std": 0.0, "lr": 0.0, "lr_std": 0.0, "params": 353556.0, "params_std": 0.0, "time_iter": 0.14134, "time_iter_std": 0.0, "mae": 143.12854, "mae_std": 0.0, "r2": 0.32758, "r2_std": 0.0, "spearmanr": 0.73488, "spearmanr_std": 0.0, "mse": 604822.5, "mse_std": 0.0, "rmse": 401.71121, "rmse_std": 0.0}
