{"epoch": 291, "time_epoch": 22.66097, "time_epoch_std": 0.0, "eta": 192.83382, "eta_std": 0.0, "eta_hours": 0.05356, "eta_hours_std": 0.0, "loss": 139.53259, "loss_std": 0.0, "lr": 2e-05, "lr_std": 0.0, "params": 603156.0, "params_std": 0.0, "time_iter": 0.11054, "time_iter_std": 0.0, "mae": 139.51378, "mae_std": 0.0, "r2": 0.31201, "r2_std": 0.0, "spearmanr": 0.71841, "spearmanr_std": 0.0, "mse": 603606.3125, "mse_std": 0.0, "rmse": 400.77991, "rmse_std": 0.0}
