{"epoch": 294, "time_epoch": 20.17514, "time_epoch_std": 0.0, "eta": 99.55302, "eta_std": 0.0, "eta_hours": 0.02765, "eta_hours_std": 0.0, "loss": 139.16201, "loss_std": 0.0, "lr": 1e-05, "lr_std": 0.0, "params": 107668.0, "params_std": 0.0, "time_iter": 0.09842, "time_iter_std": 0.0, "mae": 139.14941, "mae_std": 0.0, "r2": 0.31132, "r2_std": 0.0, "spearmanr": 0.71428, "spearmanr_std": 0.0, "mse": 602191.5, "mse_std": 0.0, "rmse": 400.25763, "rmse_std": 0.0}
