{"epoch": 291, "time_epoch": 114.10988, "time_epoch_std": 0.0, "eta": 916.32647, "eta_std": 0.0, "eta_hours": 0.25454, "eta_hours_std": 0.0, "loss": 139.97473, "loss_std": 0.0, "lr": 2e-05, "lr_std": 0.0, "params": 462220.0, "params_std": 0.0, "time_iter": 0.1395, "time_iter_std": 0.0, "mae": 139.96371, "mae_std": 0.0, "r2": 0.29801, "r2_std": 0.0, "spearmanr": 0.70553, "spearmanr_std": 0.0, "mse": 603107.375, "mse_std": 0.0, "rmse": 400.88373, "rmse_std": 0.0}
