{"epoch": 289, "time_epoch": 15.76487, "time_epoch_std": 0.0, "eta": 157.64839, "eta_std": 0.0, "eta_hours": 0.04379, "eta_hours_std": 0.0, "loss": 144.20109, "loss_std": 0.0, "lr": 3e-05, "lr_std": 0.0, "params": 903895.0, "params_std": 0.0, "time_iter": 0.15306, "time_iter_std": 0.0, "mae": 144.1991, "mae_std": 0.0, "r2": 0.33187, "r2_std": 0.0, "spearmanr": 0.74318, "spearmanr_std": 0.0, "mse": 605400.1875, "mse_std": 0.0, "rmse": 401.905, "rmse_std": 0.0}
