{"epoch": 295, "time_epoch": 17.17906, "time_epoch_std": 0.0, "eta": 63.94439, "eta_std": 0.0, "eta_hours": 0.01776, "eta_hours_std": 0.0, "loss": 141.40833, "loss_std": 0.0, "lr": 1e-05, "lr_std": 0.0, "params": 903895.0, "params_std": 0.0, "time_iter": 0.16679, "time_iter_std": 0.0, "mae": 141.40161, "mae_std": 0.0, "r2": 0.32493, "r2_std": 0.0, "spearmanr": 0.73549, "spearmanr_std": 0.0, "mse": 605364.875, "mse_std": 0.0, "rmse": 401.53751, "rmse_std": 0.0}
