{"epoch": 293, "time_epoch": 29.99484, "time_epoch_std": 0.0, "eta": 176.38742, "eta_std": 0.0, "eta_hours": 0.049, "eta_hours_std": 0.0, "loss": 139.1238, "loss_std": 0.0, "lr": 1e-05, "lr_std": 0.0, "params": 1351956.0, "params_std": 0.0, "time_iter": 0.29121, "time_iter_std": 0.0, "mae": 139.1098, "mae_std": 0.0, "r2": 0.29955, "r2_std": 0.0, "spearmanr": 0.70558, "spearmanr_std": 0.0, "mse": 601760.1875, "mse_std": 0.0, "rmse": 400.12073, "rmse_std": 0.0}
