{"epoch": 286, "time_epoch": 72.60676, "time_epoch_std": 0.0, "eta": 946.72044, "eta_std": 0.0, "eta_hours": 0.26298, "eta_hours_std": 0.0, "loss": 142.60161, "loss_std": 0.0, "lr": 5e-05, "lr_std": 0.0, "params": 490025.0, "params_std": 0.0, "time_iter": 0.70492, "time_iter_std": 0.0, "mae": 142.59595, "mae_std": 0.0, "r2": 0.27505, "r2_std": 0.0, "spearmanr": 0.68361, "spearmanr_std": 0.0, "mse": 607157.0625, "mse_std": 0.0, "rmse": 403.09576, "rmse_std": 0.0}
