{"epoch": 0, "time_epoch": 4.91548, "eta": 0.0, "eta_hours": 0.0, "loss": 0.69706854, "lr": 0.001, "params": 3226, "time_iter": 0.11431, "accuracy": 0.46493, "ap": 0.16781, "auc": 0.48923}
