{"epoch": 297, "time_epoch": 24.05293, "time_epoch_std": 0.0, "eta": 48.1583, "eta_std": 0.0, "eta_hours": 0.01338, "eta_hours_std": 0.0, "loss": 170.72269, "loss_std": 0.0, "lr": 0.0, "lr_std": 0.0, "params": 462320.0, "params_std": 0.0, "time_iter": 0.0294, "time_iter_std": 0.0, "mae": 170.72083, "mae_std": 0.0, "r2": 0.27403, "r2_std": 0.0, "spearmanr": 0.68989, "spearmanr_std": 0.0, "mse": 638827.3125, "mse_std": 0.0, "rmse": 416.28159, "rmse_std": 0.0}
