{"epoch": 292, "time_epoch": 235.02805, "time_epoch_std": 0.0, "eta": 1419.28503, "eta_std": 0.0, "eta_hours": 0.39425, "eta_hours_std": 0.0, "loss": 141.81332, "loss_std": 0.0, "lr": 2e-05, "lr_std": 0.0, "params": 484660.0, "params_std": 0.0, "time_iter": 0.28732, "time_iter_std": 0.0, "mae": 141.80858, "mae_std": 0.0, "r2": 0.32708, "r2_std": 0.0, "spearmanr": 0.73481, "spearmanr_std": 0.0, "mse": 605294.3125, "mse_std": 0.0, "rmse": 401.63852, "rmse_std": 0.0}
