{"epoch": 297, "time_epoch": 18.77953, "time_epoch_std": 0.0, "eta": 36.43105, "eta_std": 0.0, "eta_hours": 0.01012, "eta_hours_std": 0.0, "loss": 142.56643, "loss_std": 0.0, "lr": 0.0, "lr_std": 0.0, "params": 353556.0, "params_std": 0.0, "time_iter": 0.09161, "time_iter_std": 0.0, "mae": 142.56232, "mae_std": 0.0, "r2": 0.33178, "r2_std": 0.0, "spearmanr": 0.7406, "spearmanr_std": 0.0, "mse": 604621.1875, "mse_std": 0.0, "rmse": 401.40268, "rmse_std": 0.0}
