{"epoch": 293, "time_epoch": 78.63004, "time_epoch_std": 0.0, "eta": 475.9437, "eta_std": 0.0, "eta_hours": 0.13221, "eta_hours_std": 0.0, "loss": 140.24901, "loss_std": 0.0, "lr": 1e-05, "lr_std": 0.0, "params": 344212.0, "params_std": 0.0, "time_iter": 0.19225, "time_iter_std": 0.0, "mae": 140.23903, "mae_std": 0.0, "r2": 0.2943, "r2_std": 0.0, "spearmanr": 0.70207, "spearmanr_std": 0.0, "mse": 603952.0625, "mse_std": 0.0, "rmse": 401.09952, "rmse_std": 0.0}
