{"epoch": 290, "time_epoch": 37.72881, "time_epoch_std": 0.0, "eta": 338.69054, "eta_std": 0.0, "eta_hours": 0.09408, "eta_hours_std": 0.0, "loss": 138.12526, "loss_std": 0.0, "lr": 3e-05, "lr_std": 0.0, "params": 2000916.0, "params_std": 0.0, "time_iter": 0.3663, "time_iter_std": 0.0, "mae": 138.10577, "mae_std": 0.0, "r2": 0.31883, "r2_std": 0.0, "spearmanr": 0.72162, "spearmanr_std": 0.0, "mse": 599915.0, "mse_std": 0.0, "rmse": 399.31577, "rmse_std": 0.0}
