{"epoch": 272, "time_epoch": 36.58791, "time_epoch_std": 0.0, "eta": 990.80364, "eta_std": 0.0, "eta_hours": 0.27522, "eta_hours_std": 0.0, "loss": 141.10077, "loss_std": 0.0, "lr": 0.00021, "lr_std": 0.0, "params": 386452.0, "params_std": 0.0, "time_iter": 0.35522, "time_iter_std": 0.0, "mae": 141.09554, "mae_std": 0.0, "r2": 0.29373, "r2_std": 0.0, "spearmanr": 0.70197, "spearmanr_std": 0.0, "mse": 605324.5, "mse_std": 0.0, "rmse": 401.77136, "rmse_std": 0.0}
