{"epoch": 291, "time_epoch": 40.51378, "time_epoch_std": 0.0, "eta": 325.94932, "eta_std": 0.0, "eta_hours": 0.09054, "eta_hours_std": 0.0, "loss": 138.31276, "loss_std": 0.0, "lr": 2e-05, "lr_std": 0.0, "params": 804628.0, "params_std": 0.0, "time_iter": 0.39334, "time_iter_std": 0.0, "mae": 138.29927, "mae_std": 0.0, "r2": 0.32252, "r2_std": 0.0, "spearmanr": 0.72703, "spearmanr_std": 0.0, "mse": 600684.9375, "mse_std": 0.0, "rmse": 399.55396, "rmse_std": 0.0}
