{"epoch": 294, "time_epoch": 44.99449, "time_epoch_std": 0.0, "eta": 226.58506, "eta_std": 0.0, "eta_hours": 0.06294, "eta_hours_std": 0.0, "loss": 138.54904, "loss_std": 0.0, "lr": 1e-05, "lr_std": 0.0, "params": 977812.0, "params_std": 0.0, "time_iter": 0.43684, "time_iter_std": 0.0, "mae": 138.52994, "mae_std": 0.0, "r2": 0.31733, "r2_std": 0.0, "spearmanr": 0.72112, "spearmanr_std": 0.0, "mse": 601505.1875, "mse_std": 0.0, "rmse": 399.92917, "rmse_std": 0.0}
