{"epoch": 222, "time_epoch": 49.2367, "time_epoch_std": 0.0, "eta": 3844.6753, "eta_std": 0.0, "eta_hours": 1.06797, "eta_hours_std": 0.0, "loss": 143.66836, "loss_std": 0.0, "lr": 0.00158, "lr_std": 0.0, "params": 3748116.0, "params_std": 0.0, "time_iter": 0.47803, "time_iter_std": 0.0, "mae": 143.66563, "mae_std": 0.0, "r2": 0.27731, "r2_std": 0.0, "spearmanr": 0.68295, "spearmanr_std": 0.0, "mse": 607200.5, "mse_std": 0.0, "rmse": 403.15637, "rmse_std": 0.0}
