{"epoch": 120, "time_epoch": 7.22941, "time_epoch_std": 0.13582, "eta": 807.15882, "eta_std": 541.3952, "eta_hours": 0.22421, "eta_hours_std": 0.15039, "loss": 0.05494, "loss_std": 0.00333, "lr": 7e-05, "lr_std": 5e-05, "params": 129994.0, "params_std": 0.0, "time_iter": 0.08505, "time_iter_std": 0.0016, "accuracy": 0.98367, "accuracy_std": 0.00142, "ap": 0.92268, "ap_std": 0.00922, "auc": 0.99027, "auc_std": 0.00179}
