{"epoch": 293, "time_epoch": 28.52813, "time_epoch_std": 0.0, "eta": 257.65589, "eta_std": 0.0, "eta_hours": 0.07157, "eta_hours_std": 0.0, "loss": 139.92828, "loss_std": 0.0, "lr": 1e-05, "lr_std": 0.0, "params": 727450.0, "params_std": 0.0, "time_iter": 0.27697, "time_iter_std": 0.0, "mae": 139.92036, "mae_std": 0.0, "r2": 0.29291, "r2_std": 0.0, "spearmanr": 0.70035, "spearmanr_std": 0.0, "mse": 603264.8125, "mse_std": 0.0, "rmse": 400.81009, "rmse_std": 0.0}
