{"epoch": 294, "time_epoch": 17.67458, "time_epoch_std": 0.0, "eta": 89.38393, "eta_std": 0.0, "eta_hours": 0.02483, "eta_hours_std": 0.0, "loss": 139.3719, "loss_std": 0.0, "lr": 1e-05, "lr_std": 0.0, "params": 603156.0, "params_std": 0.0, "time_iter": 0.1716, "time_iter_std": 0.0, "mae": 139.36232, "mae_std": 0.0, "r2": 0.30546, "r2_std": 0.0, "spearmanr": 0.71243, "spearmanr_std": 0.0, "mse": 602301.8125, "mse_std": 0.0, "rmse": 400.29099, "rmse_std": 0.0}
