{"epoch": 295, "time_epoch": 358.77653, "time_epoch_std": 0.0, "eta": 1419.45348, "eta_std": 0.0, "eta_hours": 0.39429, "eta_hours_std": 0.0, "loss": 140.92892, "loss_std": 0.0, "lr": 1e-05, "lr_std": 0.0, "params": 462220.0, "params_std": 0.0, "time_iter": 0.4386, "time_iter_std": 0.0, "mae": 140.92241, "mae_std": 0.0, "r2": 0.31811, "r2_std": 0.0, "spearmanr": 0.72427, "spearmanr_std": 0.0, "mse": 604869.5, "mse_std": 0.0, "rmse": 401.33517, "rmse_std": 0.0}
