{"epoch": 261, "time_epoch": 26.56463, "time_epoch_std": 0.0, "eta": 996.29322, "eta_std": 0.0, "eta_hours": 0.27675, "eta_hours_std": 0.0, "loss": 138.64377, "loss_std": 0.0, "lr": 0.00041, "lr_std": 0.0, "params": 1102356.0, "params_std": 0.0, "time_iter": 0.25791, "time_iter_std": 0.0, "mae": 138.63435, "mae_std": 0.0, "r2": 0.32257, "r2_std": 0.0, "spearmanr": 0.73027, "spearmanr_std": 0.0, "mse": 600702.1875, "mse_std": 0.0, "rmse": 399.68723, "rmse_std": 0.0}
