{"epoch": 287, "time_epoch": 42.9652, "time_epoch_std": 0.0, "eta": 514.69731, "eta_std": 0.0, "eta_hours": 0.14297, "eta_hours_std": 0.0, "loss": 142.54971, "loss_std": 0.0, "lr": 5e-05, "lr_std": 0.0, "params": 508948.0, "params_std": 0.0, "time_iter": 0.41714, "time_iter_std": 0.0, "mae": 142.5457, "mae_std": 0.0, "r2": 0.26899, "r2_std": 0.0, "spearmanr": 0.68252, "spearmanr_std": 0.0, "mse": 607040.6875, "mse_std": 0.0, "rmse": 403.17038, "rmse_std": 0.0}
