{"epoch": 202, "time_epoch": 240.61275, "time_epoch_std": 0.0, "eta": 24124.4946, "eta_std": 0.0, "eta_hours": 6.70125, "eta_hours_std": 0.0, "loss": 145.80263, "loss_std": 0.0, "lr": 0.00241, "lr_std": 0.0, "params": 952468.0, "params_std": 0.0, "time_iter": 0.29415, "time_iter_std": 0.0, "mae": 145.79974, "mae_std": 0.0, "r2": 0.28896, "r2_std": 0.0, "spearmanr": 0.68862, "spearmanr_std": 0.0, "mse": 608970.25, "mse_std": 0.0, "rmse": 403.5675, "rmse_std": 0.0}
