{"epoch": 194, "time_epoch": 55.18903, "time_epoch_std": 0.0, "eta": 5826.58013, "eta_std": 0.0, "eta_hours": 1.61849, "eta_hours_std": 0.0, "loss": 144.26607, "loss_std": 0.0, "lr": 0.00278, "lr_std": 0.0, "params": 4813076.0, "params_std": 0.0, "time_iter": 0.53582, "time_iter_std": 0.0, "mae": 144.26277, "mae_std": 0.0, "r2": 0.2793, "r2_std": 0.0, "spearmanr": 0.68098, "spearmanr_std": 0.0, "mse": 607466.25, "mse_std": 0.0, "rmse": 403.15155, "rmse_std": 0.0}
