{"epoch": 297, "time_epoch": 145.02384, "time_epoch_std": 0.0, "eta": 363.03902, "eta_std": 0.0, "eta_hours": 0.10084, "eta_hours_std": 0.0, "loss": 140.17569, "loss_std": 0.0, "lr": 0.0, "lr_std": 0.0, "params": 470195.0, "params_std": 0.0, "time_iter": 0.17729, "time_iter_std": 0.0, "mae": 140.15857, "mae_std": 0.0, "r2": 0.30035, "r2_std": 0.0, "spearmanr": 0.70688, "spearmanr_std": 0.0, "mse": 604560.5, "mse_std": 0.0, "rmse": 401.40442, "rmse_std": 0.0}
