{"epoch": 297, "time_epoch": 59.0802, "time_epoch_std": 0.0, "eta": 115.7379, "eta_std": 0.0, "eta_hours": 0.03215, "eta_hours_std": 0.0, "loss": 143.03945, "loss_std": 0.0, "lr": 0.0, "lr_std": 0.0, "params": 353556.0, "params_std": 0.0, "time_iter": 0.07223, "time_iter_std": 0.0, "mae": 143.03656, "mae_std": 0.0, "r2": 0.31984, "r2_std": 0.0, "spearmanr": 0.72903, "spearmanr_std": 0.0, "mse": 605369.1875, "mse_std": 0.0, "rmse": 401.7981, "rmse_std": 0.0}
