{"epoch": 291, "time_epoch": 18.66383, "time_epoch_std": 0.0, "eta": 145.64174, "eta_std": 0.0, "eta_hours": 0.04046, "eta_hours_std": 0.0, "loss": 232.60023, "loss_std": 0.0, "lr": 2e-05, "lr_std": 0.0, "params": 518020.0, "params_std": 0.0, "time_iter": 0.02282, "time_iter_std": 0.0, "mae": 232.59909, "mae_std": 0.0, "r2": 0.129, "r2_std": 0.0, "spearmanr": 0.58296, "spearmanr_std": 0.0, "mse": 761920.8125, "mse_std": 0.0, "rmse": 458.71655, "rmse_std": 0.0}
