{"epoch": 287, "time_epoch": 35.63262, "time_epoch_std": 0.0, "eta": 379.2189, "eta_std": 0.0, "eta_hours": 0.10534, "eta_hours_std": 0.0, "loss": 139.57557, "loss_std": 0.0, "lr": 5e-05, "lr_std": 0.0, "params": 508948.0, "params_std": 0.0, "time_iter": 0.34595, "time_iter_std": 0.0, "mae": 139.56438, "mae_std": 0.0, "r2": 0.31837, "r2_std": 0.0, "spearmanr": 0.72334, "spearmanr_std": 0.0, "mse": 603542.25, "mse_std": 0.0, "rmse": 400.72095, "rmse_std": 0.0}
