{"epoch": 150, "time_epoch": 73.23576, "time_epoch_std": 0.0, "eta": 10700.45653, "eta_std": 0.0, "eta_hours": 2.97235, "eta_hours_std": 0.0, "loss": 144.68347, "loss_std": 0.0, "lr": 0.005, "lr_std": 0.0, "params": 952468.0, "params_std": 0.0, "time_iter": 0.35725, "time_iter_std": 0.0, "mae": 144.68082, "mae_std": 0.0, "r2": 0.26253, "r2_std": 0.0, "spearmanr": 0.66535, "spearmanr_std": 0.0, "mse": 607567.1875, "mse_std": 0.0, "rmse": 403.57196, "rmse_std": 0.0}
