{"epoch": 298, "time_epoch": 30.61069, "time_epoch_std": 0.0, "eta": 31.74252, "eta_std": 0.0, "eta_hours": 0.00882, "eta_hours_std": 0.0, "loss": 138.52371, "loss_std": 0.0, "lr": 0.0, "lr_std": 0.0, "params": 1518356.0, "params_std": 0.0, "time_iter": 0.29719, "time_iter_std": 0.0, "mae": 138.51019, "mae_std": 0.0, "r2": 0.32315, "r2_std": 0.0, "spearmanr": 0.72544, "spearmanr_std": 0.0, "mse": 601084.0, "mse_std": 0.0, "rmse": 399.75952, "rmse_std": 0.0}
