{"epoch": 289, "time_epoch": 54.90359, "time_epoch_std": 0.0, "eta": 549.93434, "eta_std": 0.0, "eta_hours": 0.15276, "eta_hours_std": 0.0, "loss": 136.61422, "loss_std": 0.0, "lr": 3e-05, "lr_std": 0.0, "params": 3847956.0, "params_std": 0.0, "time_iter": 0.53304, "time_iter_std": 0.0, "mae": 136.59094, "mae_std": 0.0, "r2": 0.3204, "r2_std": 0.0, "spearmanr": 0.72079, "spearmanr_std": 0.0, "mse": 596274.9375, "mse_std": 0.0, "rmse": 397.93536, "rmse_std": 0.0}
