{"epoch": 293, "time_epoch": 108.40102, "time_epoch_std": 0.0, "eta": 848.59106, "eta_std": 0.0, "eta_hours": 0.23572, "eta_hours_std": 0.0, "loss": 143.62327, "loss_std": 0.0, "lr": 1e-05, "lr_std": 0.0, "params": 470245.0, "params_std": 0.0, "time_iter": 0.13252, "time_iter_std": 0.0, "mae": 143.62144, "mae_std": 0.0, "r2": 0.3245, "r2_std": 0.0, "spearmanr": 0.73332, "spearmanr_std": 0.0, "mse": 604383.8125, "mse_std": 0.0, "rmse": 401.6658, "rmse_std": 0.0}
