{"epoch": 298, "time_epoch": 20.9373, "time_epoch_std": 0.0, "eta": 20.77279, "eta_std": 0.0, "eta_hours": 0.00577, "eta_hours_std": 0.0, "loss": 138.45255, "loss_std": 0.0, "lr": 0.0, "lr_std": 0.0, "params": 752916.0, "params_std": 0.0, "time_iter": 0.20327, "time_iter_std": 0.0, "mae": 138.43372, "mae_std": 0.0, "r2": 0.32766, "r2_std": 0.0, "spearmanr": 0.73346, "spearmanr_std": 0.0, "mse": 600981.3125, "mse_std": 0.0, "rmse": 399.75949, "rmse_std": 0.0}
