{"epoch": 249, "time_epoch": 5.34799, "time_epoch_std": 0.03942, "eta": 152.10701, "eta_std": 96.32129, "eta_hours": 0.04225, "eta_hours_std": 0.02676, "loss": 0.10571, "loss_std": 0.00605, "lr": 2e-05, "lr_std": 1e-05, "params": 75082.0, "params_std": 0.0, "time_iter": 0.06292, "time_iter_std": 0.00046, "accuracy": 0.96301, "accuracy_std": 0.00222, "ap": 0.81898, "ap_std": 0.01517, "auc": 0.96806, "auc_std": 0.0032}
