{"epoch": 285, "time_epoch": 61.81827, "time_epoch_std": 0.0, "eta": 885.06006, "eta_std": 0.0, "eta_hours": 0.24585, "eta_hours_std": 0.0, "loss": 138.31692, "loss_std": 0.0, "lr": 6e-05, "lr_std": 0.0, "params": 4596756.0, "params_std": 0.0, "time_iter": 0.60018, "time_iter_std": 0.0, "mae": 138.30217, "mae_std": 0.0, "r2": 0.30895, "r2_std": 0.0, "spearmanr": 0.71194, "spearmanr_std": 0.0, "mse": 600196.4375, "mse_std": 0.0, "rmse": 399.4874, "rmse_std": 0.0}
