{"epoch": 287, "time_epoch": 26.60459, "time_epoch_std": 0.0, "eta": 307.57514, "eta_std": 0.0, "eta_hours": 0.08544, "eta_hours_std": 0.0, "loss": 152.36794, "loss_std": 0.0, "lr": 5e-05, "lr_std": 0.0, "params": 462620.0, "params_std": 0.0, "time_iter": 0.03252, "time_iter_std": 0.0, "mae": 152.36694, "mae_std": 0.0, "r2": 0.26216, "r2_std": 0.0, "spearmanr": 0.65428, "spearmanr_std": 0.0, "mse": 610452.5, "mse_std": 0.0, "rmse": 405.52756, "rmse_std": 0.0}
