{"epoch": 289, "time_epoch": 36.99715, "time_epoch_std": 0.0, "eta": 363.17691, "eta_std": 0.0, "eta_hours": 0.10088, "eta_hours_std": 0.0, "loss": 140.39975, "loss_std": 0.0, "lr": 3e-05, "lr_std": 0.0, "params": 107668.0, "params_std": 0.0, "time_iter": 0.09046, "time_iter_std": 0.0, "mae": 140.39038, "mae_std": 0.0, "r2": 0.30876, "r2_std": 0.0, "spearmanr": 0.71457, "spearmanr_std": 0.0, "mse": 603879.3125, "mse_std": 0.0, "rmse": 401.03784, "rmse_std": 0.0}
