{"epoch": 224, "time_epoch": 140.93265, "time_epoch_std": 0.0, "eta": 10543.9775, "eta_std": 0.0, "eta_hours": 2.92888, "eta_hours_std": 0.0, "loss": 144.46472, "loss_std": 0.0, "lr": 0.0015, "lr_std": 0.0, "params": 952468.0, "params_std": 0.0, "time_iter": 0.34458, "time_iter_std": 0.0, "mae": 144.46202, "mae_std": 0.0, "r2": 0.28433, "r2_std": 0.0, "spearmanr": 0.68408, "spearmanr_std": 0.0, "mse": 607867.375, "mse_std": 0.0, "rmse": 403.32812, "rmse_std": 0.0}
