{"epoch": 295, "time_epoch": 48.51915, "time_epoch_std": 0.0, "eta": 193.90491, "eta_std": 0.0, "eta_hours": 0.05386, "eta_hours_std": 0.0, "loss": 138.7051, "loss_std": 0.0, "lr": 1e-05, "lr_std": 0.0, "params": 3165716.0, "params_std": 0.0, "time_iter": 0.47106, "time_iter_std": 0.0, "mae": 138.6906, "mae_std": 0.0, "r2": 0.31238, "r2_std": 0.0, "spearmanr": 0.71557, "spearmanr_std": 0.0, "mse": 601172.8125, "mse_std": 0.0, "rmse": 399.84381, "rmse_std": 0.0}
