{"epoch": 291, "time_epoch": 286.27621, "time_epoch_std": 0.0, "eta": 2360.99971, "eta_std": 0.0, "eta_hours": 0.65583, "eta_hours_std": 0.0, "loss": 140.93175, "loss_std": 0.0, "lr": 2e-05, "lr_std": 0.0, "params": 441020.0, "params_std": 0.0, "time_iter": 0.34997, "time_iter_std": 0.0, "mae": 140.91943, "mae_std": 0.0, "r2": 0.29415, "r2_std": 0.0, "spearmanr": 0.69982, "spearmanr_std": 0.0, "mse": 605773.5, "mse_std": 0.0, "rmse": 401.87473, "rmse_std": 0.0}
