{"epoch": 294, "time_epoch": 42.20037, "time_epoch_std": 0.0, "eta": 203.04297, "eta_std": 0.0, "eta_hours": 0.0564, "eta_hours_std": 0.0, "loss": 139.36618, "loss_std": 0.0, "lr": 1e-05, "lr_std": 0.0, "params": 344212.0, "params_std": 0.0, "time_iter": 0.20586, "time_iter_std": 0.0, "mae": 139.35072, "mae_std": 0.0, "r2": 0.29981, "r2_std": 0.0, "spearmanr": 0.7066, "spearmanr_std": 0.0, "mse": 602791.5625, "mse_std": 0.0, "rmse": 400.52325, "rmse_std": 0.0}
