{"epoch": 297, "time_epoch": 31.90564, "time_epoch_std": 0.0, "eta": 62.91233, "eta_std": 0.0, "eta_hours": 0.01748, "eta_hours_std": 0.0, "loss": 142.6745, "loss_std": 0.0, "lr": 0.0, "lr_std": 0.0, "params": 353556.0, "params_std": 0.0, "time_iter": 0.07801, "time_iter_std": 0.0, "mae": 142.67183, "mae_std": 0.0, "r2": 0.32814, "r2_std": 0.0, "spearmanr": 0.73653, "spearmanr_std": 0.0, "mse": 605010.75, "mse_std": 0.0, "rmse": 401.56458, "rmse_std": 0.0}
