{"epoch": 290, "time_epoch": 93.98629, "time_epoch_std": 0.0, "eta": 855.96829, "eta_std": 0.0, "eta_hours": 0.23777, "eta_hours_std": 0.0, "loss": 139.76976, "loss_std": 0.0, "lr": 3e-05, "lr_std": 0.0, "params": 490810.0, "params_std": 0.0, "time_iter": 0.91249, "time_iter_std": 0.0, "mae": 139.75795, "mae_std": 0.0, "r2": 0.32718, "r2_std": 0.0, "spearmanr": 0.73434, "spearmanr_std": 0.0, "mse": 604174.9375, "mse_std": 0.0, "rmse": 400.996, "rmse_std": 0.0}
