{"epoch": 272, "time_epoch": 35.16803, "time_epoch_std": 0.0, "eta": 977.54003, "eta_std": 0.0, "eta_hours": 0.27154, "eta_hours_std": 0.0, "loss": 139.13238, "loss_std": 0.0, "lr": 0.00021, "lr_std": 0.0, "params": 648340.0, "params_std": 0.0, "time_iter": 0.34144, "time_iter_std": 0.0, "mae": 139.11998, "mae_std": 0.0, "r2": 0.31812, "r2_std": 0.0, "spearmanr": 0.72229, "spearmanr_std": 0.0, "mse": 602627.25, "mse_std": 0.0, "rmse": 400.34927, "rmse_std": 0.0}
