{"epoch": 291, "time_epoch": 708.43443, "time_epoch_std": 0.0, "eta": 4323.03695, "eta_std": 0.0, "eta_hours": 1.20084, "eta_hours_std": 0.0, "loss": 140.70992, "loss_std": 0.0, "lr": 2e-05, "lr_std": 0.0, "params": 490810.0, "params_std": 0.0, "time_iter": 0.86606, "time_iter_std": 0.0, "mae": 140.70064, "mae_std": 0.0, "r2": 0.31413, "r2_std": 0.0, "spearmanr": 0.71891, "spearmanr_std": 0.0, "mse": 605281.8125, "mse_std": 0.0, "rmse": 401.61044, "rmse_std": 0.0}
