{"epoch": 285, "time_epoch": 44.80144, "time_epoch_std": 0.0, "eta": 626.68621, "eta_std": 0.0, "eta_hours": 0.17408, "eta_hours_std": 0.0, "loss": 145.35381, "loss_std": 0.0, "lr": 6e-05, "lr_std": 0.0, "params": 480340.0, "params_std": 0.0, "time_iter": 0.05477, "time_iter_std": 0.0, "mae": 145.35318, "mae_std": 0.0, "r2": 0.29102, "r2_std": 0.0, "spearmanr": 0.68169, "spearmanr_std": 0.0, "mse": 607946.5, "mse_std": 0.0, "rmse": 404.06128, "rmse_std": 0.0}
