{"epoch": 223, "time_epoch": 70.84728, "time_epoch_std": 0.0, "eta": 5372.76526, "eta_std": 0.0, "eta_hours": 1.49243, "eta_hours_std": 0.0, "loss": 141.38589, "loss_std": 0.0, "lr": 0.00154, "lr_std": 0.0, "params": 1167892.0, "params_std": 0.0, "time_iter": 0.68784, "time_iter_std": 0.0, "mae": 141.38087, "mae_std": 0.0, "r2": 0.29027, "r2_std": 0.0, "spearmanr": 0.69595, "spearmanr_std": 0.0, "mse": 605701.25, "mse_std": 0.0, "rmse": 401.81851, "rmse_std": 0.0}
