{"epoch": 294, "time_epoch": 50.31937, "time_epoch_std": 0.0, "eta": 251.70352, "eta_std": 0.0, "eta_hours": 0.06992, "eta_hours_std": 0.0, "loss": 141.71113, "loss_std": 0.0, "lr": 1e-05, "lr_std": 0.0, "params": 470245.0, "params_std": 0.0, "time_iter": 0.06152, "time_iter_std": 0.0, "mae": 141.70442, "mae_std": 0.0, "r2": 0.31755, "r2_std": 0.0, "spearmanr": 0.72596, "spearmanr_std": 0.0, "mse": 605698.3125, "mse_std": 0.0, "rmse": 401.97403, "rmse_std": 0.0}
