{"epoch": 298, "time_epoch": 212.07823, "time_epoch_std": 0.0, "eta": 224.41444, "eta_std": 0.0, "eta_hours": 0.06234, "eta_hours_std": 0.0, "loss": 141.79861, "loss_std": 0.0, "lr": 0.0, "lr_std": 0.0, "params": 460900.0, "params_std": 0.0, "time_iter": 0.25926, "time_iter_std": 0.0, "mae": 141.78465, "mae_std": 0.0, "r2": 0.29139, "r2_std": 0.0, "spearmanr": 0.70006, "spearmanr_std": 0.0, "mse": 606496.9375, "mse_std": 0.0, "rmse": 402.2348, "rmse_std": 0.0}
