{"epoch": 298, "time_epoch": 31.88663, "time_epoch_std": 0.0, "eta": 31.83378, "eta_std": 0.0, "eta_hours": 0.00884, "eta_hours_std": 0.0, "loss": 147.69762, "loss_std": 0.0, "lr": 0.0, "lr_std": 0.0, "params": 449020.0, "params_std": 0.0, "time_iter": 0.03898, "time_iter_std": 0.0, "mae": 147.69678, "mae_std": 0.0, "r2": 0.29076, "r2_std": 0.0, "spearmanr": 0.6851, "spearmanr_std": 0.0, "mse": 608036.9375, "mse_std": 0.0, "rmse": 404.10001, "rmse_std": 0.0}
