{"epoch": 292, "time_epoch": 65.4294, "time_epoch_std": 0.0, "eta": 445.77177, "eta_std": 0.0, "eta_hours": 0.12383, "eta_hours_std": 0.0, "loss": 140.25873, "loss_std": 0.0, "lr": 2e-05, "lr_std": 0.0, "params": 107668.0, "params_std": 0.0, "time_iter": 0.07999, "time_iter_std": 0.0, "mae": 140.24788, "mae_std": 0.0, "r2": 0.30999, "r2_std": 0.0, "spearmanr": 0.71405, "spearmanr_std": 0.0, "mse": 604454.6875, "mse_std": 0.0, "rmse": 401.27335, "rmse_std": 0.0}
